{
    "Florida State Seminoles": "Florida State",
    "Georgia Tech Yellow Jackets": "Georgia Tech",
    "Montana State Bobcats": "Montana State",
    "New Mexico Lobos": "New Mexico",
    "Georgia Bulldogs": "Georgia",
    "North Carolina Tar Heels": "North Carolina",
    "Clemson Tigers": "Clemson",
    "South Carolina Gamecocks": "South Carolina",
    "Texas A&M Aggies": "Texas A&M",
    "Texas Tech Red Raiders": "Texas Tech",
    "Texas Longhorns": "Texas",
    "Texas State Bobcats": "Texas State",
    "West Virginia Mountaineers": "West Virginia",
    "Penn State Nittany Lions": "Penn State",
    "Virginia Tech Hokies": "Virginia Tech",
    "Vanderbilt Commodores": "Vanderbilt",
    "Connecticut Huskies": "Connecticut",
    "Maryland Terrapins": "Maryland",
    "Alabama Crimson Tide": "Alabama",
    "Arizona Wildcats": "Arizona",
    "Arizona State Sun Devils": "Arizona State",
    "Arkansas Razorbacks": "Arkansas",
    "Army Black Knights": "Army",
    "Auburn Tigers": "Auburn",
    "Ball State Cardinals": "Ball State",
    "Baylor Bears": "Baylor",
    "Boise State Broncos": "Boise State",
    "Boston College Eagles": "Boston College",
    "Bowling Green Falcons": "Bowling Green",
    "Buffalo Bulls": "Buffalo",
    "BYU Cougars": "BYU",
    "California Golden Bears": "California",
    "Central Michigan Chippewas": "Central Michigan",
    "Charlotte 49ers": "Charlotte",
    "Cincinnati Bearcats": "Cincinnati",
    "Coastal Carolina Chanticleers": "Coastal Carolina",
    "Colorado Buffaloes": "Colorado",
    "Colorado State Rams": "Colorado State",
    "Duke Blue Devils": "Duke",
    "East Carolina Pirates": "East Carolina",
    "Eastern Michigan Eagles": "Eastern Michigan",
    "Florida Gators": "Florida",
    "Florida Atlantic Owls": "Florida Atlantic",
    "Florida International Panthers": "Florida International",
    "Fresno State Bulldogs": "Fresno State",
    "Georgia Southern Eagles": "Georgia Southern",
    "Hawaii Rainbow Warriors": "Hawaii",
    "Houston Cougars": "Houston",
    "Illinois Fighting Illini": "Illinois",
    "Indiana Hoosiers": "Indiana",
    "Iowa Hawkeyes": "Iowa",
    "Iowa State Cyclones": "Iowa State",
    "Kansas Jayhawks": "Kansas",
    "Kansas State Wildcats": "Kansas State",
    "Kent State Golden Flashes": "Kent State",
    "Kentucky Wildcats": "Kentucky",
    "Liberty Flames": "Liberty",
    "Louisiana Ragin' Cajuns": "Louisiana",
    "Louisiana-Monroe Warhawks": "UL Monroe",
    "Louisiana Tech Bulldogs": "Louisiana Tech",
    "Louisville Cardinals": "Louisville",
    "LSU Tigers": "LSU",
    "Marshall Thundering Herd": "Marshall",
    "Memphis Tigers": "Memphis",
    "Miami Hurricanes": "Miami",
    "Miami (OH) RedHawks": "Miami (OH)",
    "Michigan Wolverines": "Michigan",
    "Michigan State Spartans": "Michigan State",
    "Middle Tennessee Blue Raiders": "Middle Tennessee",
    "Minnesota Golden Gophers": "Minnesota",
    "Mississippi State Bulldogs": "Mississippi State",
    "Missouri Tigers": "Missouri",
    "Navy Midshipmen": "Navy",
    "Nebraska Cornhuskers": "Nebraska",
    "Nevada Wolf Pack": "Nevada",
    "New Mexico State Aggies": "New Mexico State",
    "North Texas Mean Green": "North Texas",
    "Northern Illinois Huskies": "Northern Illinois",
    "Northwestern Wildcats": "Northwestern",
    "Notre Dame Fighting Irish": "Notre Dame",
    "Ohio Bobcats": "Ohio",
    "Ohio State Buckeyes": "Ohio State",
    "Oklahoma Sooners": "Oklahoma",
    "Oklahoma State Cowboys": "Oklahoma State",
    "Old Dominion Monarchs": "Old Dominion",
    "Ole Miss Rebels": "Ole Miss",
    "Oregon Ducks": "Oregon",
    "Oregon State Beavers": "Oregon State",
    "Pittsburgh Panthers": "Pittsburgh",
    "Purdue Boilermakers": "Purdue",
    "Rice Owls": "Rice",
    "Rutgers Scarlet Knights": "Rutgers",
    "San Diego State Aztecs": "San Diego State",
    "San Jose State Spartans": "San Jose State",
    "SMU Mustangs": "SMU",
    "Southern Miss Golden Eagles": "Southern Miss",
    "Stanford Cardinal": "Stanford",
    "Syracuse Orange": "Syracuse",
    "TCU Horned Frogs": "TCU",
    "Tennessee Volunteers": "Tennessee",
    "Toledo Rockets": "Toledo",
    "Troy Trojans": "Troy",
    "Tulane Green Wave": "Tulane",
    "Tulsa Golden Hurricane": "Tulsa",
    "UAB Blazers": "UAB",
    "UCF Knights": "Central Florida",
    "UCLA Bruins": "UCLA",
    "UNLV Rebels": "UNLV",
    "USC Trojans": "USC",
    "Utah Utes": "Utah",
    "Utah State Aggies": "Utah State",
    "UTEP Miners": "UTEP",
    "UTSA Roadrunners": "UTSA",
    "Virginia Cavaliers": "Virginia",
    "Wake Forest Demon Deacons": "Wake Forest",
    "Washington Huskies": "Washington",
    "Washington State Cougars": "Washington State",
    "Western Kentucky Hilltoppers": "Western Kentucky",
    "Western Michigan Broncos": "Western Michigan",
    "Wisconsin Badgers": "Wisconsin",
    "Wyoming Cowboys": "Wyoming",
    "Moss": "Moss Fk",
    "Nafta Lendava": "Nafta",
    "Hapoel Umm Al Fahm": "Hapoel Um El-Phahem",
    "Athletic Bilbao": "Athletic Club Bilbao",
    "Valladolid": "Real Valladolid",
    "Colchester": "Colchester United",
    "Swansea": "Swansea City",
    "Wycombe": "Wycombe Wanderers",
    "Cardiff": "Cardiff City",
    "Ipswich": "Ipswich Town",
    "West Ham": "West Ham United",
    "Newcastle": "Newcastle United",
    "Tex Rangers": "Texas Rangers",
    "Oak Athletics": "Oakland Athletics",
    "Stl Cardinals": "St. Louis Cardinals",
    "Col Rockies": "Colorado Rockies",
    "Bal Orioles": "Baltimore Orioles",
    "Ny Yankees": "New York Yankees",
    "Bax Catanduva (W)": "Catanduva Basquete Clube",
    "Basket Sao Jose Sc": "Sao Jose Dos Campos",
    "Shiga Lakes": "Shiga Lakestars",
    "Okinawa Ryukyu Golden Kings": "Ryukyu Golden Kings Okinawa",
    "Seoul Knights": "Sk Knights",
    "Anyang Jungkwanjang": "Anyang Kgc",
    "Mikawa Sea Horses": "Seahorses Mikawa",
    "Nagasaki": "Nagasaki Velca",
    "Guangzhou Long-Lions": "Guangzhou Loong Lions",
    "Jilin Northeast Tigers": "Jilin",
    "Tianjin Ronggang": "Tianjin Pioneers",
    "Quindao DoubleStar Eagles": "Qingdao Eagles",
    "Zhejiang Chouzhou": "Zhejiang Golden Bulls",
    "Guangdong": "Guangdong Southern Tigers",
    "L.A. Lakers": "Los Angeles Lakers",
    "Kalpa Hockey": "Kalpa",
    "Jukurit Mikkeli": "Mikkelin Jukurit",
    "Tappara Tampere": "Tappara",
    "Ilves Tampere": "Ilves",
    "Hpk Hameenlinna": "Hpk",
    "Jyp Jyvaskyla": "Jyp",
    "Pelicans Lahti": "Pelicans",
    "Saipa Lappeenranta": "Saipa",
    "Grenoble Bruleurs De Loups": "Grenoble",
    "Les Aigles De Nice": "Nice Aigles",
    "Vienna Capitals": "Upc Vienna Capitals",
    "Pioneers Vorarlberg": "Bemer Pioneers Vorarlberg",
    "Sc Rapperswil-Jona Lakers": "Rapperswil-Jona Lakers",
    "Ehc Kloten": "Kloten-Flyers",
    "Black Wings Linz": "Ehc Black Wings Linz",
    "Ec Villacher Sv": "Ec Vsv",
    "Fehervar Av19": "Sapa Fehervar Av19",
    "Kac Klagenfurt": "Ec-Kac",
    "Hc Asiago": "Supermercati Migross Asiago",
    "Ec Graz 99Ers": "Moser Medical Graz 99Ers",
    "Nuremberg Ice Tigers": "Nurnberg Ice Tigers",
    "Red Bull Salzburg": "Ec Red Bull Salzburg",
    "Hc Bolzano-Bozen Foxes": "Hc Intespar Bolzano/Bozen Foxes",
    "Red Bull Munich": "Ehc Munchen",
    "Schwenninger Wild Wings": "Serc Wild Wings",
    "Hc Ajoie Porrentruy": "Hc Ajoie",
    "Scl Tigers Langnau": "Scl Tigers",
    "Spartiates De Marseille": "Marseille",
    "Fenerbahce Sk": "Fenerbahce",
    "Sig Strasbourg": "Strasbourg",
    "Kk Dinamo Zagreb": "Dinamo Zagreb",
    "Olympiacos Bc": "Olympiakos Piraeus",
    "Asvel Lyon-Villeurbanne": "Asvel Villeurbanne",
    "Ewe Baskets Oldenburg": "Baskets Oldenburg",
    "Bayern Munchen": "Bayern Munich",
    "Daegu Pegasus": "Daegu Kogas Pegasus",
    "Hiroshima Dragonflie": "Hiroshima Dragonflies",
    "Goyang Sky Gunners": "Goyang Carrot Jumpers",
    "Seoul Samsung Thunders": "Samsung Thunders",
    "VEF Riga": "BK VEF Riga",
    "Anadolu Efes": "Anadolu Efes SK",
    "Maccabi Tel Aviv BC": "Maccabi Tel-Aviv",
    "Saski Baskonia": "Baskonia Vitoria-Gasteiz",
    "Anyang Jung Kwan Jang Red Boosters": "Anyang KGC",
    "Turk Telekom BK": "Turk Telekom",
    "U-BT Cluj-Napoca": "U BT Cluj Napoca",
    "KK Cedevita Olimpija Ljubljana": "Cedevita Olimpija",
    "Hapoel Jerusalem BC": "Hapoel Jerusalem",
    "Hapoel Tel Aviv BC": "Hapoel Tel Aviv",
    "KK Buducnost": "KK Buducnost VOLI",
    "BC Zalgiris": "Zalgiris Kaunas",
    "Partizan NIS": "KK Partizan Nis Belgrade",
    "AS Monaco Basket": "AS Monaco",
    "Start Lublin": "MKS Start SA Lublin",
    "Arka Gdynia": "Asseco Prokom Gdynia",
    "Zastal BC Zielona Gora": "Stelmet Zielona Gora",
    "KGHM BC Polkowice Women": "MKS Polkowice",
    "Zaragoza Women": "Casademont Zaragoza",
    "Valencia B.C. Women": "Valencia BC",
    "ZVVZ USK Praha Women": "ZVVZ USK Prague",
    "Saint-Quentin Basket-Ball": "Saint-Quentin",
    "CB Canarias": "CB 1939 Canarias",
    "WKS Slask Wroclaw": "Slask Wroclaw",
    "Pallacanestro Reggiana": "Reggiana",
    "Benfica Basket": "Benfica Lisboa",
    "Maccabi Ironi Ramat Gan": "Ironi Ramat Gan",
    "Baskets Bonn": "Telekom Baskets Bonn",
    "Falco Szombathely": "Falco KC-Szombathely",
    "AO Kolossos Rodou": "Kolossos Rhodes",
    "BK Zabiny Brno Women": "Zabiny Brno",
    "Olympiakos BC Women": "Olympiacos",
    "Aluinvent DVTK Miskolc Women": "DVTK Miskolc",
    "Basket Landes SASP Women": "Basket Landes",
    "Reyer Venezia Women": "Venezia",
    "University Gyor Women": "Uni Gyor",
    "CB Avenida Women": "CB Avenida",
    "Basket Schio Women": "PF Schio",
    "Le Portel": "ESSM Le Portel",
    "Le Mans Sarthe Basket": "Le Mans",
    "JDA Dijon Basket": "Dijon",
    "Wurzburg Baskets": "S.Oliver Wurzburg",
    "Riesen Ludwigsburg": "MHP Riesen Ludwigsburg",
    "Rasta Vechta": "SC Rasta Vechta",
    "Pallacanestro Brescia": "Brescia Leonessa",
    "Trapani Shark": "Pallacanestro Trapani",
    "Ulsan Phoebus": "Mobis Phoebus",
    "Suwon KT Sonicboom": "KT Sonicboom",
    "Wonju Promy": "Dongbu Promy",
    "Chiba Jets": "Chiba Jets Funabashi",
    "Zaragoza": "Casademont Zaragoza",
    "Rio Breogan": "CB Breogan",
    "Baloncesto Malaga": "CB Malaga",
    "Granada": "Cb Granada",
    "Ostrow Wielkopolski": "BM Slam Stal Ostrow Wielkopolski",
    "Dabrowa Gornicza": "MKS Dabrowa Gornicza",
    "Wilki Morskie Szczecin": "King Wilki Morskie Szczecin",
    "Kawasaki Brave Thunders": "Brave Thunders Kanagawa",
    "Hapoel Shoval Haifa": "Hapoel Haifa BC",
    "Promitheas Patras BC": "ASP Promitheas",
    "Galatasaray SK": "Galatasaray",
    "BC Oostende": "Oostende",
    "Basketball Nymburk": "CEZ Nymburk",
    "Petkim Spor": "Petkim Spor Aliaga",
    "Hapoel Holon BC": "Hapoel Holon",
    "Manisa Buyuksehir Belediye": "Manisa",
    "JL Bourg": "JL Bourg Basket",
    "Aris BC": "Aris Thessaloniki BC",
    "Dziki Warszawa": "Dziki Warshawa",
    "Seoul SK Knights": "SK Knights",
    "Busan KCC Egis": "KCC Egis",
    "Basquet Club Andorra": "Andorra",
    "Ironi Kiryat Ata": "Elitzur Kiryat Ata",
    "Hapoel Galil Elyon": "Hapoel Galil Elion",
    "DBU": "Dallas Baptist",
    "Sam Houston": "Sam Houston State",
    "Mid Tennessee Blue Raiders": "Middle Tennessee State",
    "North Carolina State": "NC State",
    "South Florida Bulls": "South Florida",
    "South Alabama Jaguars": "South Alabama",
    "Arkansas State Red Wolves": "Arkansas State",
    "Temple Owls": "Temple",
    "Akron Zips": "Akron",
    "North Dakota Fighting Hawks": "North Dakota",
    "Miami (OH) Redhawks": "Miami Ohio",
    "Ole Miss": "Mississippi",
    "Miami (FL) Hurricanes": "Miami Florida",
    "James Madison Dukes": "James Madison",
    "Air Force Falcons": "Air Force",
    "Georgia State Panthers": "Georgia State",
    "Northern Iowa Panthers": "Northern Iowa",
    "Florida A&M Rattlers": "Florida A&M",
    "Canisius Golden Griffins": "Canisius",
    "Western Illinois Leathernecks": "Western Illinois",
    "Presbyterian Blue Hose": "Presbyterian",
    "Utah Tech Trailblazers": "Utah Tech",
    "Sacramento State Hornets": "Sacramento State",
    "UNC Asheville Bulldogs": "NC Asheville",
    "UC Irvine Anteaters": "Cal Irvine",
    "Seattle Redhawks": "Seattle U",
    "Santa Clara Broncos": "Santa Clara",
    "Creighton Bluejays": "Creighton",
    "Loyola Chicago Ramblers": "Loyola Chicago",
    "Pennsylvania Quakers": "Pennsylvania",
    "Drake Bulldogs": "Drake",
    "San Diego Toreros": "San Diego",
    "Bucknell Bison": "Bucknell",
    "Lipscomb Bisons": "Lipscomb",
    "Jackson State Tigers": "Jackson State",
    "Southern Jaguars": "Southern",
    "Jacksonville State Gamecocks": "Jacksonville State",
    "Jacksonville Dolphins": "Jacksonville",
    "Cornell Big Red": "Cornell",
    "Siena Saints": "Siena",
    "Northeastern Huskies": "Northeastern",
    "Cal Poly Slo Mustangs": "Cal Poly SLO",
    "Wisconsin Milwaukee": "Wisc Milwaukee",
    "Louisiana-Lafayette": "UL Lafayette",
    "Lafayette College": "Lafayette",
    "Nebraska Omaha": "Nebraska-Omaha",
    "Depaul": "DePaul",
    "Pacific Tigers": "Pacific",
    "Saint Bonaventure": "St. Bonaventure",
    "UC San Diego Tritons": "UC San Diego",
    "Providence Friars": "Providence",
    "Bradley Braves": "Bradley",
    "Richmond Spiders": "Richmond",
    "Cleveland State Vikings": "Cleveland State",
    "Fordham Rams": "Fordham",
    "Saint Louis Billikens": "Saint Louis",
    "La Salle Explorers": "La Salle",
    "George Washington Colonials": "George Washington",
    "Campbell Fighting Camels": "Campbell",
    "Long Beach State 49ers": "Long Beach State",
    "North Dakota State Bison": "North Dakota State",
    "Appalachian State Mountaineers": "Appalachian State",
    "Illinois St": "Illinois State",
    "Eastern Illinois Panthers": "Eastern Illinois",
    "Lehigh Mountain Hawks": "Lehigh",
    "Montana Grizzlies": "Montana",
    "Grand Canyon Antelopes": "Grand Canyon",
    "Towson Tigers": "Towson",
    "UC Davis Aggies": "UC Davis",
    "Northern Arizona Lumberjacks": "Northern Arizona",
    "Weber State Wildcats": "Weber State",
    "Yale Bulldogs": "Yale",
    "Robert Morris Colonials": "Robert Morris",
    "Saint Mary's Gaels": "Saint Marys CA",
    "Saint Johns": "St. John's",
    "CSU Bakersfield": "Cal State Bakersfield",
    "Arkansas-Pine Bluff": "Arkansas Pine Bluff",
    "ETSU": "East Tenn State",
    "SFA": "Stephen F. Austin",
    "American University": "American",
    "Xavier Musketeers": "Xavier",
    "Long Island University Sharks": "Long Island",
    "VMI Keydets": "VMI",
    "Citadel": "The Citadel",
    "Pepperdine Waves": "Pepperdine",
    "South Carolina State Bulldogs": "South Carolina State",
    "Duquesne Dukes": "Duquesne",
    "Norfolk State Spartans": "Norfolk State",
    "Central Arkansas Bears": "Central Arkansas",
    "Butler Bulldogs": "Butler",
    "Missouri State Bears": "Missouri State",
    "Northwestern State Demons": "Northwestern State",
    "North Florida Ospreys": "North Florida",
    "Rider Broncs": "Rider",
    "Stetson Hatters": "Stetson",
    "UC Santa Barbara Gauchos": "UC Santa Barbara",
    "Stony Brook Seawolves": "Stony Brook",
    "South Dakota State Jackrabbits": "South Dakota State",
    "South Dakota Coyotes": "South Dakota",
    "SIU Edwardsville Cougars": "SIU Edwardsville",
    "Villanova Wildcats": "Villanova",
    "Quinnipiac Bobcats": "Quinnipiac",
    "Hampton Pirates": "Hampton",
    "Oral Roberts Golden Eagles": "Oral Roberts",
    "Western Carolina Catamounts": "Western Carolina",
    "FGCU Eagles": "Florida Gulf Coast",
    "California Baptist Lancers": "California Baptist",
    "San Francisco Dons": "San Francisco",
    "Drexel Dragons": "Drexel",
    "IUPUI Jaguars": "IUPUI",
    "Belmont Bruins": "Belmont",
    "Abilene Christian Wildcats": "Abilene Christian",
    "Portland State Vikings": "Portland State",
    "Morehead State Eagles": "Morehead State",
    "Tennessee State Tigers": "Tennessee State",
    "Harvard Crimson": "Harvard",
    "Valparaiso Beacons": "Valparaiso",
    "Fairfield Stags": "Fairfield",
    "Mercer Bears": "Mercer",
    "Niagara Purple Eagles": "Niagara",
    "William & Mary Tribe": "William & Mary",
    "Davidson Wildcats": "Davidson",
    "Eastern Washington Eagles": "Eastern Washington",
    "St. Thomas (MN) Tommies": "St Thomas",
    "Elon Phoenix": "Elon",
    "UT Rio Grande Valley Vaqueros": "UT Rio Grande Valley",
    "Purdue Fort Wayne Mastodons": "IPFW",
    "UC Riverside Highlanders": "Cal Riverside",
    "Kansas City Roos": "UMKC",
    "North Carolina Greensboro": "NC Greensboro",
    "Detroit Mercy": "Detroit",
    "Tarleton State": "Tarleton St",
    "UT Arlington Mavericks": "UT Arlington",
    "Southern Utah Thunderbirds": "Southern Utah",
    "Utah Valley State": "Utah Valley",
    "Iona Gaels": "Iona",
    "Northern Kentucky Norse": "Northern Kentucky",
    "Seton Hall Pirates": "Seton Hall",
    "Idaho Vandals": "Idaho",
    "Wichita State Shockers": "Wichita State",
    "Youngstown State Penguins": "Youngstown State",
    "Wright State Raiders": "Wright State",
    "Murray State Racers": "Murray State",
    "Cal State Northridge Matadors": "Cal State Northridge",
    "Marist Red Foxes": "Marist",
    "Dayton Flyers": "Dayton",
    "Monmouth Hawks": "Monmouth",
    "Northern Colorado Bears": "Northern Colorado",
    "Evansville Purple Aces": "Evansville",
    "Denver Pioneers": "Denver",
    "Oakland Golden Grizzlies": "Oakland",
    "Saint Joseph's Hawks": "St. Joseph's",
    "Charlotte": "Charlotte U",
    "George Mason Patriots": "George Mason",
    "NJIT Highlanders": "NJIT",
    "Bryant Bulldogs": "Bryant",
    "Brown Bears": "Brown",
    "Cal State Fullerton Titans": "Cal State Fullerton",
    "VCU Rams": "VCU",
    "Bethune Cookman Wildcats": "Bethune Cookman",
    "Portland Pilots": "Portland",
    "Manhattan Jaspers": "Manhattan",
    "Incarnate Word Cardinals": "Incarnate Word",
    "Little Rock Trojans": "Arkansas Little Rock",
    "Charleston Cougars": "College of Charleston",
    "Southeastern Louisiana Lions": "SE Louisiana",
    "Mount Saint Mary's Mountaineers": "Mount St. Mary's (MD)",
    "St. Peter's Peacocks": "St Peters",
    "UNCW": "NC Wilmington",
    "Idaho State Bengals": "Idaho State",
    "Delaware Fightin Blue Hens": "Delaware",
    "Furman Paladins": "Furman",
    "Princeton Tigers": "Princeton",
    "Columbia Lions": "Columbia",
    "Gonzaga Bulldogs": "Gonzaga",
    "Mississippi Valley State Delta Devils": "Mississippi Valley State",
    "Merrimack Warriors": "Merrimack",
    "Le Moyne Dolphins": "Le Moyne",
    "Kennesaw State Owls": "Kennesaw State",
    "High Point Panthers": "High Point",
    "Queens NC": "Queens",
    "Boston University Terriers": "Boston U",
    "Coppin State Eagles": "Coppin State",
    "Dartmouth Big Green": "Dartmouth",
    "Gardner Webb Runnin' Bulldogs": "Gardner Webb",
    "Hofstra Pride": "Hofstra",
    "Marquette Golden Eagles": "Marquette",
    "Morgan State Bears": "Morgan State",
    "UMBC Retrievers": "MD Baltimore County",
    "UMES Hawks": "MD Eastern Shore",
    "New Hampshire Wildcats": "New Hampshire",
    "Rhode Island Rams": "Rhode Island",
    "Sacred Heart Pioneers": "Sacred Heart",
    "Southern Indiana Screaming Eagles": "Southern Indiana",
    "S Illinois": "Southern Illinois",
    "Stonehill Skyhawks": "Stonehill",
    "Texas A&M Corpus Islanders": "Texas A&M Corpus Christi",
    "Vermont Catamounts": "Vermont",
    "Wagner Seahawks": "Wagner",
    "Wofford Terriers": "Wofford",
    "Maine Black Bears": "Maine",
    "Holy Cross Crusaders": "Holy Cross",
    "Eastern Kentucky Colonels": "Eastern Kentucky",
    "Alabama A&M Bulldogs": "Alabama A&M",
    "Austin Peay Governors": "Austin Peay",
    "Binghamton Bearcats": "Binghamton",
    "Colgate Raiders": "Colgate",
    "Delaware State Hornets": "Delaware State",
    "Houston Christian Huskies": "Houston Christian",
    "Indiana State Sycamores": "Indiana State",
    "USC Upstate Spartans": "USC Upstate",
    "Lindenwood Lions": "Lindenwood",
    "Longwood Lancers": "Longwood",
    "New Orleans Privateers": "New Orleans",
    "Radford Highlanders": "Radford",
    "Southeast Missouri State Redhawks": "SE Missouri State",
    "Loyola Marymount Lions": "Loyola Marymount",
    "Loyola (MD)": "Loyola Maryland",
    "N Carolina Central": "North Carolina Central",
    "Central Conn. State": "Central Connecticut",
    "Prairie View": "Prairie View A&M",
    "UT Martin": "Tennessee Martin",
    "Charleston Sou": "Charleston Southern",
    "North Alabama Lions": "North Alabama",
    "McNeese": "McNeese State",
    "Alabama State Hornets": "Alabama State",
    "Albany Great Danes": "Albany NY",
    "Bellarmine Knights": "Bellarmine",
    "Chattanooga Mocs": "Chattanooga",
    "Howard Bison": "Howard",
    "illinois chicago": "Illinois Chicago",
    "UMass Lowell River Hawks": "UMass Lowell",
    "Massachusetts Minutemen": "Massachusetts",
    "Wisconsin-Green Bay Phoenix": "Wisc Green Bay",
    "Georgetown Hoyas": "Georgetown",
    "North Carolina A and T": "North Carolina A&T",
    "Samford Bulldogs": "Samford",
    "Tennessee Tech Golden Eagles": "Tennessee Tech",
    "Texas Southern Tigers": "Texas Southern",
    "Winthrop Eagles": "Winthrop",
    "Tex A&M Commerce": "Texas A&M Commerce",
    "Alcorn": "Alcorn State",
    "Fairleigh Dickinson Knights": "Fairleigh Dickinson",
    "Nicholls": "Nicholls State",
    "Grambling State Tigers": "Grambling",
    "Lamar Cardinals": "Lamar",
    "St. Francis (PA) Red Flash": "St. Francis PA",
    "Chicago State Cougars": "Chicago State",
    "Atenas Cordoba": "Asociacion Deportiva Atenas",
    "La Union Formosa": "La Union",
    "Bullets": "Brisbane Bullets",
    "Fortaleza B.C": "Fortaleza Basquete Cearense",
    "Pinheiros/SKY": "EC Pinheiros",
    "Corinthians Basquete": "Corinthians Paulista",
    "Sichuan": "Sichuan Blue Whales",
    "Ningbo Fubon Rocket": "Ningbo Rockets",
    "Fujian": "Fujian Sturgeons",
    "Taoyuan Pilots": "Taoyuan Pauian Pilots",
    "Zorg en Zekerheid Leiden": "ZZ Leiden",
    "Okapi Aalstar": "Okapi Aalst",
    "Monaco": "AS Monaco",
    "Cholet": "Cholet Basket",
    "Nanterre": "Nanterre 92",
    "Gravelines": "BCM Gravelines Dunkerque",
    "Nancy": "Sluc Nancy Basket",
    "Gottingen": "BG Gottingen",
    "EWE Oldenburg": "Baskets Oldenburg",
    "Ludwigsburg": "MHP Riesen Ludwigsburg",
    "Wurzburg": "S.Oliver Wurzburg",
    "Venezia": "Reyer Venezia",
    "Pistoia": "AS Pistoia Basket 2000",
    "Scafati": "Basket Scafati 1969",
    "United Eagles Basketball Udine": "Udine",
    "Urania Basket Milano": "Urania Milano",
    "Forli 2.015": "Pallacanestro 2.015 Forli",
    "Fortitudo Bologna": "Fortitudo Bologna 103",
    "Seahorses Mikawa": "SeaHorses Mikawa",
    "Nagoya Fighting Eagles": "Fighting Eagles Nagoya",
    "Ryukyu Golden Kings": "Ryukyu Golden Kings Okinawa",
    "Sanen NeoPhoenix": "San-En Neophoenix",
    "Diamond Dolphins": "Nagoya Diamond Dolphins",
    "Alvark": "Alvark Tokyo",
    "Brave Thunders": "Brave Thunders Kanagawa",
    "Shiga Lake Stars": "Shiga Lakestars",
    "Jeonju KCC Egis": "KCC Egis",
    "Busan": "Busan BNK Sum",
    "KEB Hana": "KEB Hana Bank",
    "Gran Canaria": "Gran Canaria",
    "Coruna": "Leyma Basquet Coruna",
    "Girona": "Basquet Girona",
    "Palencia": "CD Maristas Palencia",
    "Ad Atenas Cordoba": "Asociacion Deportiva Atenas",
    "Uc Capital Women": "Canberra Capitals",
    "Shandong Heroes": "Shandong Hi-Speed Kirin",
    "Sunrockers": "Sun Rockers Shibuya",
    "Blackwater Elite": "Blackwater Bossing",
    "Goyang Orions": "Goyang Carrot Jumpers",
    "Anyang Kgc": "Anyang KGC",
    "Seoul Thunders": "Samsung Thunders",
    "Sk Knights": "SK Knights",
    "Cb Gran Canaria": "Gran Canaria",
    "Unicaja Malaga": "Malaga",
    "Leyma Basquet Coruna": "Leyma Basquet Coruna",
    "Spar Citylift Girona": "Basquet Girona",
    "Bc Vienna": "Zepter Vienna",
    "Gunners Oberwart": "Redwell Gunners Oberwart",
    "St. Polten": "SKN St Polten",
    "Klosterneuburg": "Dukes Klosterneuburg",
    "Traiskirchen Lions": "Arkadia Traiskirchen Lions",
    "Fuerstenfeld": "Raiffeisen Furstenfeld Panthers",
    "Sao Paulo": "Sao Paulo FC",
    "Dubai": "Dubai",
    "Crvena Zvezda": "Kk Crvena Zvezda",
    "Studentski Centar": "SC Darby",
    "Buducnost Podgorica": "KK Buducnost VOLI",
    "Partizan": "KK Partizan Nis Belgrade",
    "Feyenoord": "Feyenoord Rotterdam",
    "Bal": "BAL Weert",
    "Brussels": "Circus Brussels",
    "Enisey": "Enisey",
    "Hyeres Toulon": "Hyeres-Toulon",
    "Blois": "Ada Blois Basket 41",
    "Paok": "PAOK Thessaloniki",
    "Olympiakos": "Olympiakos Piraeus",
    "Panionios Athens": "Panionios Athens",
    "Panathinaikos": "Panathinaikos",
    "Gs Lavrio": "Lavrio",
    "Libertas Livorno": "Libertas Livorno 1947 SSD",
    "Asd Orzinuovi": "Pallacanestro Orzinuovi",
    "Cantu": "Pallacanestro Cantu",
    "Tezenis Verona": "Scaligera Basket Verona",
    "Frata Nardo": "Pallacanestro Nardo",
    "Juvi Cremona": "Juvi Cremona Ferraroni",
    "Rizing Fukuoka": "Rizing Fukuoka BB",
    "Aomori": "Aomori Wats",
    "Nishinomiya Storks": "Kobe",
    "Shizuoka": "Veltex Shizuoka",
    "Neptunas": "Neptunas",
    "Zalgiris": "Zalgiris Kaunas",
    "Wolves Vilnius": "Wolves",
    "Juventus": "Juventus",
    "Cartagena": "Basket Cartagena",
    "Real Valladolid": "Valladolid",
    "Real Betis": "Real Betis",
    "San Sebastian Gipuzkoa": "Gipuzkoa Basket",
    "Club Baloncesto Zamora": "Zamora",
    "Tizona": "Tizona Burgos",
    "Estela": "CD Estela",
    "Oviedo": "Oviedo Baloncesto",
    "Cb Menorca": "Hestia Menorca",
    "Alicante": "Lucentum Alicante",
    "Estudiantes": "Asefa Estudiantes",
    "Castello": "Amics Castello",
    "Burgos": "San Pablo Inmobiliaria Burgos",
    "Besiktas": "Besiktas JK",
    "Botas Spor": "Botas SK",
    "Tarsus Belediyesi": "Tarsus Spor",
    "Kayseri": "Melikgazi Kayseri",
    "Merkezefendi": "Merkezefendi Belediye",
    "Kapfenberg Bulls": "Kapfenburg Bulls",
    "Skn St Polten": "SKN St Polten",
    "Zenit Saint Petersburg": "Zenit St Petersburg",
    "Kolossos Rodos": "Kolossos Rhodes",
    "Paok Thessaloniki": "PAOK Thessaloniki",
    "Reggio Emilia": "Reggiana",
    "Enel Brindisi": "New Basket Brindisi",
    "Vigevano": "Elachem Vigevano",
    "Fukui Blowinds": "Fukui Blowwinds",
    "Besiktas Jk": "Besiktas JK",
    "Chiba Jets Funabashi": "Chiba Jets Funabashi",
    "Cb Real Betis": "Real Betis",
    "Busan Sonicboom": "KT Sonicboom",
    "Wonju Dongbu Promy": "Dongbu Promy",
    "Shinhan Bank S-Birds": "Incheon Shinhan Bank S-Birds",
    "Woori Bank Hansae": "Woori Bank Wibee",
    "Pato": "Pato Basquete",
    "Brasilia": "Brasilia Basquete",
    "Al Ahli Manama Bahrain": "Al Ahli Manama",
    "Guangzhou Long Lions": "Guangzhou Loong Lions",
    "Tianjin Pioneer": "Tianjin Pioneers",
    "Nanjing Tongxi": "Nanjing Monkey Kings",
    "Cibona": "KK Cibona",
    "Split": "Kk Split",
    "Hapoel Haifa": "Hapoel Haifa BC",
    "Hapoel Afula": "Hapoel Afula",
    "Jonavos": "Jonavos SK",
    "Bc Siauliai": "Siauliai",
    "Buyukcekmece": "Demir Insaat Buyukcekmece",
    "Semt 77 Yalovaspor": "Semt77 Yalovaspor",
    "Copenhagen": "Copenhagen",
    "Uralmash Ekaterinburg": "Uralmash",
    "Leones De Quilpue": "CD Colegio Los Leones",
    "Instituto Cordoba": "Instituto Atletico Central Cordoba",
    "Ciclista Olimpico": "Ciclista Olimpico de La Banda",
    "Henan": "Henan Phoenix",
    "Wuhan": "Wuhan Shengfan",
    "Ganzhou Ganxing": "Ganzhou",
    "Shanghai Bd": "Shanghai Swordfish",
    "Zhejiang": "Zhejiang Chouzhou Bank",
    "Herlev Wolfpack": "BMS Herlev",
    "Horsens": "Horsens IC",
    "Maccabi Ramat Gan": "Ironi Ramat Gan",
    "Telekom Bonn": "Telekom Baskets Bonn",
    "Manresa": "Basquet Manresa",
    "Sport Lisboa Benfica": "Benfica Lisboa",
    "Vechta": "SC Rasta Vechta",
    "Asp Promitheas Patras": "ASP Promitheas",
    "Nymburk": "CEZ Nymburk",
    "Peristeri": "Peristeri BC",
    "Lietuvos Rytas": "Rytas Vilnius",
    "Kc Szombathely": "Falco KC-Szombathely",
    "Lietkabelis": "Lietkabelis",
    "Elitzur Delek Ramla": "Elitzur Ramla",
    "Maccabi Tel Aviv": "Maccabi Tel-Aviv",
    "Fenerbahce Ulker": "Fenerbahce",
    "Barcelona": "FC Barcelona",
    "Lyon": "Asvel Villeurbanne",
    "Basket Zaragoza 2002": "Casademont Zaragoza",
    "Valencia": "Valencia BC",
    "Toros Chiriqui": "Toros de Chiriqui David",
    "Flamengo": "Flamengo RJ",
    "Kfum Nassjo": "Nassjo Basket",
    "Slask Wroclav": "Slask Wroclaw",
    "Fujian Xiamen Egrets": "Fujian Xiamen Egret",
    "Heilongjiang Shangdong": "Daqing Rural Commercial Bank",
    "Aris Thessaloniki": "Aris Thessaloniki BC",
    "Bk Samara": "Samara",
    "Rain Or Shine Painters": "Rain or Shine Elasto Painters",
    "Mahindra Enforcers": "Terrafirma Dyip",
    "Asvel Lyon": "Asvel Villeurbanne",
    "Hong Kong Eastern": "Eastern",
    "Fukushima Fire bonds": "Fukushima Firebonds",
    "Familia Schio": "PF Schio",
    "Cbk Mersin": "CBK Mersin Yenisehir Bld",
    "Umana Venezia": "Reyer Venezia Mestre",
    "Avenida": "Avenida Salamanca",
    "Bourges": "Bourges Basket",
    "Usk Prague": "Zvvz Usk Prague"
}